LINE,Date,UTC_TIME,Flight,Fiducial,X_WGS84_UTMZ6N,Y_WGS84_UTMZ6N,LAT_TX,LON_TX,ALT_RADAR_Tx_CALC,ALT_TX_COR,ALT_TX,ALT_HELI,ZHG_TX,DTM,Diurnal_A,Diurnal_B,DIURNAL_COR,MAG1U_DS,MAG1U_L,MAG1U_LD,IGRF,RMI,CPI140K_RAW,CPI40K_RAW,CPI8200_RAW,CXI3300_RAW,CPI1800_RAW,CPI400_RAW,CPQ140K_RAW,CPQ40K_RAW,CPQ8200_RAW,CXQ3300_RAW,CPQ1800_RAW,CPQ400_RAW,CPI140K_DRIFT_COR,CPI40K_DRIFT_COR,CPI8200_drift_cor,CXI3300_DRIFT_COR,CPI1800_DRIFT_COR,CPI400_DRIFT_COR,CPQ140K_DRIFT_COR,CPQ40K_DRIFT_COR,CPQ8200_drift_cor,CXQ3300_DRIFT_COR,CPQ1800_DRIFT_COR,CPQ400_DRIFT_COR,CPI400_final,CPQ400_final,CPI1800_final,CPQ1800_final,CXI3300_final,CXQ3300_final,CPI8200_final,CPQ8200_final,CPI40K_final,CPQ40K_final,CPI140K_final,CPQ140K_final,CPPL,CPSP,CXSP
50010,20160226,82002.7,77024,569.7,382470.9739,7308529.961,65.87624991,-149.5776088,100.7690155,103.5992162,104.0208206,129.3486955,215.06254,111.4633238,56847.00107,56823.4264,-2.998918559,56783.663,56780.635,56783.63392,56915.58933,-131.9554076,98.35495758,20.53724098,27.52607155,4.550531864,9.097574234,8.335918427,-1.04624486,46.64655685,9.715500832,6.077103138,8.144371986,0.702396095,78.82989502,23.89497566,14.94588757,0.221339896,2.911744356,-0.355484992,23.46626472,33.8689537,11.83885098,4.921691418,7.19285202,2.35199666,0.867714107,2.340409279,3.005352974,7.332398415,2.351566315,4.681184292,5.51833725,15.064744,24.60704994,33.55611801,79.85037231,32.93410873,0.00125095,0.002624702,0.000251035
50010,20160226,82002.8,77024,569.8,382474.1015,7308530.357,65.87625461,-149.5775407,101.858114,104.4013861,104.8585434,130.452734,215.03846,110.6370739,56847.00339,56823.42875,-2.996605904,56783.354,56780.342,56783.33861,56915.59415,-132.2555466,98.08293152,20.52319527,27.54558372,4.891398907,9.126955986,8.086497307,-1.386856318,45.8261261,9.57099247,6.131663322,8.172846794,0.625209808,78.55464172,23.87829208,14.96213055,0.561254978,2.939534187,-0.608228981,23.13026619,33.04839325,11.69473839,4.976335049,7.221142292,2.275065899,0.931923151,2.357758999,3.021360636,7.348464966,2.482743502,4.6377635,5.496796608,15.02588177,24.6894207,33.01825714,79.4557724,32.36775589,0.001655465,0.002185807,0.000536402
50010,20160226,82002.9,77024,569.9,382477.229,7308530.754,65.87625932,-149.5774725,102.8862624,105.204118,105.6788712,131.4958224,215.01438,109.810262,56847.0057,56823.43109,-2.994295472,56783.043,56780.054,56783.0483,56915.59898,-132.5506833,98.02316284,20.60758591,27.50556374,5.192756176,9.185328484,7.912820339,-2.219810963,45.13662338,9.616294861,6.048772812,8.184800148,0.608726382,78.49164581,23.96004486,14.91884041,0.861660242,2.996314526,-0.785228908,22.30192375,32.35876465,11.74043655,4.893528461,7.232910633,2.258837938,1.002761841,2.389489651,3.050739288,7.372102261,2.584688902,4.583323956,5.486330509,15.00905514,24.80439758,32.5398674,79.11230469,31.74121094,0.002505256,0.003044334,0.000555312
50010,20160226,82003.0,77024,570.0,382480.3566,7308531.15,65.87626402,-149.5774044,103.8390367,105.9490439,106.4310608,132.4635367,214.9903,109.0412561,56847.00801,56823.43343,-2.991987232,56782.733,56779.77,56782.76199,56915.60381,-132.8418179,97.8843689,20.99812126,27.4128933,5.316688061,9.26811409,7.792876244,-3.371930838,44.74121475,9.833874702,5.818154335,8.195700645,0.601539612,78.34962463,24.34794235,14.82290173,0.984640181,3.077508211,-0.908495903,21.15441704,31.96322632,11.95841122,4.662993908,7.243626118,2.251906633,1.074277401,2.441893816,3.093427181,7.402453423,2.646077871,4.52090168,5.487613678,15.01014042,24.94032288,32.15629196,78.78807831,31.0580864,0.001636639,0.00238299,0.000282532
50010,20160226,82003.1,77024,570.1,382483.4781,7308531.547,65.87626873,-149.5773364,104.7479098,106.5958909,107.066925,133.3462898,214.96777,108.3718791,56847.01031,56823.43575,-2.989681208,56782.426,56779.491,56782.48068,56915.60972,-133.1290349,97.56064606,21.58748436,27.29152298,5.266555309,9.371201515,7.70690918,-4.67726326,44.62578964,10.08245468,5.450014591,8.242007256,0.5757851,78.02267456,24.93466759,14.69826031,0.933555424,3.179003716,-0.997785866,19.85369682,31.84767342,12.20738506,4.294938087,7.289747715,2.226407766,1.141077161,2.519858837,3.148395061,7.436864853,2.656864882,4.455670357,5.515118122,15.02169228,25.08012772,31.87858772,78.43143463,30.37510109,0.001582751,0.002531796,9.6e-05
50010,20160226,82003.2,77024,570.2,382486.5996,7308531.945,65.87627344,-149.5772683,105.5658759,107.1237556,107.5595779,134.1381359,214.94524,107.8214844,56847.01262,56823.43807,-2.987377421,56782.122,56779.215,56782.20238,56915.61563,-133.4132497,97.18667603,21.93822861,27.19783211,5.14125824,9.470410347,7.654967785,-5.822635174,44.65193558,10.20746136,5.045853138,8.33000946,0.604202807,77.64547729,25.28277397,14.60130024,0.807306349,3.276620626,-1.05305016,18.71293831,31.87369156,12.33278751,3.890860319,7.377565384,2.255080938,1.198381543,2.623412609,3.214070559,7.471592903,2.614173412,4.393918991,5.588698864,15.03701687,25.20523262,31.69114113,77.98995209,29.76328278,0.001396803,0.00460718,0.000516092
50010,20160226,82003.3,77024,570.3,382489.7212,7308532.342,65.87627816,-149.5772003,106.2865575,107.4962586,107.9068604,134.8326975,214.92271,107.4264514,56847.01492,56823.44039,-2.985075836,56781.823,56778.943,56781.92808,56915.62154,-133.6934623,96.81399536,21.7928772,27.21175766,4.98663187,9.541194916,7.626842499,-6.439971924,44.68779373,10.19119453,4.77077961,8.420333862,0.791031063,77.2695694,25.1347847,14.61195564,0.651728034,3.345813274,-1.084498405,18.100214,31.90942192,12.31691551,3.615870714,7.467704773,2.44216466,1.241392255,2.745889187,3.287222385,7.502809525,2.526240349,4.342077732,5.718377113,15.05297565,25.29942513,31.55919075,77.44110107,29.27353668,0.00153113,0.003115564,0.000492954
50010,20160226,82003.4,77024,570.4,382492.8427,7308532.74,65.87628287,-149.5771323,106.8994692,107.7088649,108.1317825,135.4194892,214.90018,107.1913151,56847.01722,56823.44271,-2.982776414,56781.526,56778.677,56781.65978,56915.62745,-133.9676727,96.20897675,21.43165016,27.4368515,4.759054661,9.595947266,7.588519096,-6.483924389,44.66885376,10.13461971,4.714485168,8.477902412,1.118305683,76.66132355,24.7709198,14.83378029,0.423198849,3.398973703,-1.126144648,18.06087494,31.89035416,12.26073647,3.559659958,7.52508831,2.769694805,1.264480591,2.875504732,3.362679482,7.525572777,2.408830404,4.305020809,5.899449825,15.06825066,25.35357475,31.4449501,76.80632019,28.92612457,0.001338923,0.004249591,0.000150783
50010,20160226,82003.5,77024,570.5,382495.9642,7308533.137,65.87628758,-149.5770643,107.3981417,107.8109097,108.2759933,135.8920417,214.87765,107.0667403,56847.01952,56823.44503,-2.98047912,56781.229,56778.418,56781.39848,56915.63336,-134.234881,95.14699554,21.30837822,27.96136284,4.42650795,9.672250748,7.527529716,-6.287626266,44.56111526,10.11920547,4.837477207,8.511143684,1.425079584,75.59611511,24.64500999,15.35502338,0.089700155,3.473685265,-1.190456986,18.26178551,31.78248787,12.24571705,3.68273592,7.558144569,3.076724291,1.263448596,2.999305248,3.434652805,7.534132957,2.279012918,4.284049988,6.114018917,15.08160686,25.36801529,31.32268143,76.13995361,28.70626831,0.000805777,0.002516188,0.000400962
50010,20160226,82003.6,77024,570.6,382499.0857,7308533.535,65.87629229,-149.5769963,107.7854216,107.8596747,108.3781967,136.2532016,214.85512,106.9954453,56847.02181,56823.44735,-2.978183983,56780.931,56778.166,56781.14418,56915.63927,-134.4950871,93.84762573,21.48220253,28.69861412,4.063598156,9.780138016,7.503104687,-6.141630173,44.33279037,10.14130402,5.05987215,8.533457756,1.627307534,74.2935257,24.81619644,16.08900452,-0.274161607,3.579980612,-1.218204856,18.41239357,31.55403519,12.26821041,3.905214548,7.580273628,3.279207706,1.239163637,3.1068151,3.498286963,7.52537775,2.153386831,4.276155472,6.335887909,15.09232712,25.35195541,31.18457222,75.50854492,28.567379,0.000805777,0.002516188,0.000400962
50010,20160226,82003.7,77024,570.7,382502.2072,7308533.932,65.876297,-149.5769282,108.071931,107.8810464,108.4587402,136.513591,214.83259,106.9515436,56847.0241,56823.44967,-2.975891026,56780.635,56777.921,56780.89689,56915.64518,-134.7482911,92.88755035,21.63609505,29.33622932,3.81338501,9.884520531,7.599752426,-6.000152588,44.02358627,10.16023064,5.332979679,8.50988102,1.859124303,73.33022308,24.967453,16.72335052,-0.525326729,3.682771206,-1.124880075,18.55848503,31.24470329,12.28753185,4.178405762,7.556512356,3.511279821,1.197386742,3.192312002,3.550565958,7.500532627,2.048955917,4.274825096,6.537234783,15.10039139,25.31789589,31.03779221,74.97161102,28.43899918,0.000977154,0.002530785,8.17e-05
50010,20160226,82003.8,77024,570.8,382505.3288,7308534.33,65.87630172,-149.5768602,108.2685876,107.8743084,108.5227737,136.6841276,214.81006,106.9357516,56847.02639,56823.45199,-2.973600207,56780.342,56777.685,56780.6586,56915.65109,-134.9924929,92.60680389,21.55164719,29.60741234,3.753523827,9.947835922,7.807718277,-5.731785774,43.7693634,10.15892696,5.602295876,8.39167881,2.241782904,73.04624939,24.88036728,16.99126434,-0.586139917,3.744494677,-0.920237124,18.83146477,30.99035263,12.286623,4.447805882,7.438125134,3.894193888,1.145336866,3.255275249,3.589989901,7.464300632,1.98006618,4.273500443,6.691664696,15.106493,25.27460098,30.8961544,74.57187653,28.2519474,0.001112471,0.00320945,0.000600183
50010,20160226,82003.9,77024,570.9,382508.4503,7308534.727,65.87630643,-149.5767922,108.3848313,107.8601499,108.5731354,136.7742513,214.78753,106.9273801,56847.02868,56823.4543,-2.971311482,56780.054,56777.459,56780.43031,56915.657,-135.2266926,92.78417969,21.34162521,29.54784584,3.834725142,9.971105576,8.016058922,-5.535805225,43.64784241,10.14953995,5.775620937,8.207696915,2.63813591,73.22039795,24.66770744,16.92842865,-0.505890548,3.766172409,-0.715219378,19.03205681,30.86870193,12.27763176,4.621214867,7.253958225,4.290802479,1.087881684,3.29887867,3.614675522,7.422759533,1.954539299,4.268637657,6.777418137,15.11140823,25.22631073,30.77185822,74.33289337,27.97247887,0.001039059,0.001629245,0.000263858
50010,20160226,82004.0,77024,571.0,382511.5718,7308535.125,65.87631114,-149.5767242,108.4321663,107.8914449,108.6154251,136.7954663,214.765,106.8735551,56847.03098,56823.45662,-2.969024808,56779.77,56777.244,56780.21302,56915.66292,-135.4498903,92.98066711,21.22106934,29.36872292,3.963155508,9.980226517,8.193281174,-5.872625351,43.57383347,10.14835167,5.786264896,8.065178871,2.834385872,73.41365814,24.5445137,16.74603462,-0.378412187,3.773701429,-0.541320086,18.69985008,30.7945652,12.2768383,4.631942749,7.111255169,4.487308025,1.025866985,3.327330589,3.620953321,7.381595612,1.971779704,4.258941174,6.785209179,15.11563587,25.17538643,30.67136574,74.25045776,27.60434914,0.001184061,0.00297881,0.000393798
50010,20160226,82004.1,77024,571.1,382514.7267,7308535.533,65.87631596,-149.5766555,108.4067365,107.9637579,108.664238,136.7557165,214.70194,106.7381821,56847.03326,56823.45892,-2.966740215,56779.491,56777.041,56780.00774,56915.66963,-135.6618937,93.02577972,21.22370911,29.17444611,4.096980095,9.985292435,8.47088623,-6.932655811,43.4693985,10.1643858,5.652575493,8.033912659,2.841112852,73.45554352,24.54451561,16.54848862,-0.245539561,3.777175426,-0.267037928,17.64443207,30.69000244,12.29326725,4.498336792,7.079803944,4.494290352,0.958235323,3.344744444,3.604239464,7.345715046,2.024394751,4.244411945,6.723835945,15.11979103,25.12438011,30.59445572,74.28984833,27.17507553,0.001329047,0.003431344,0.000182061
50010,20160226,82004.2,77024,571.2,382517.8815,7308535.941,65.87632078,-149.5765867,108.3201981,108.0628665,108.7379837,136.6548581,214.63888,106.5760135,56847.03554,56823.46121,-2.964457732,56779.215,56776.848,56779.81246,56915.67635,-135.8638949,93.08448029,21.22509766,28.92082024,4.234751701,9.968295097,8.884764671,-8.345802307,43.43319321,10.19235611,5.443204403,8.078529358,2.822993994,73.51101685,24.5432663,16.29159355,-0.108719938,3.758586168,0.143517613,16.23589897,30.65366936,12.32163239,4.289049625,7.124236107,4.476427078,0.886808515,3.356779575,3.561067343,7.318771362,2.102300406,4.226344585,6.61447525,15.12419891,25.07588196,30.53512955,74.40242004,26.72870255,0.000851468,0.001706687,0.000531884
50010,20160226,82004.3,77024,571.3,382521.0364,7308536.349,65.87632559,-149.576518,108.165558,108.1906122,108.8491592,136.485898,214.57582,106.3852078,56847.03782,56823.4635,-2.962177314,56778.943,56776.663,56779.62518,56915.68307,-136.0578941,93.38577271,21.14042282,28.58886528,4.369536877,9.899706841,9.138783455,-9.497757912,43.57166672,10.1927042,5.216479301,8.125204086,2.82273984,73.80908203,24.4559536,15.9563694,0.02511326,3.688405991,0.394213498,15.08855534,30.79201508,12.3223753,4.062408447,7.170725822,4.476428509,0.818888187,3.371572733,3.49106884,7.302200317,2.196300507,4.206982136,6.476493359,15.12848091,25.03186035,30.48586464,74.54632568,26.31557846,0.001497366,0.00225044,0.000821265
50010,20160226,82004.4,77024,571.4,382524.1912,7308536.757,65.87633041,-149.5764492,107.9307021,108.3334921,108.9986649,136.2367221,214.51276,106.1792679,56847.0401,56823.4658,-2.959898914,56778.677,56776.486,56779.4459,56915.68979,-136.2438913,93.96198273,20.98724365,28.27734184,4.505275249,9.757645607,8.870381355,-10.04651642,43.74912262,10.11610889,5.016845226,8.14399147,2.698645353,74.38206482,24.30013657,15.64157486,0.159899652,3.544752836,0.122488476,14.54440975,30.96934319,12.24617577,3.862858295,7.189328194,4.352589607,0.765452266,3.397510767,3.397962809,7.294858932,2.296729803,4.190371513,6.32389164,15.13177109,24.99369812,30.44243813,74.69460297,25.98510361,0.001497366,0.00225044,0.000821265
50010,20160226,82004.5,77024,571.5,382527.3461,7308537.165,65.87633523,-149.5763805,107.5992441,108.4683014,109.1706467,135.8909441,214.4497,105.9813986,56847.04238,56823.46809,-2.957622486,56778.418,56776.315,56779.27262,56915.69651,-136.4238865,94.60040283,20.81315804,28.09565544,4.658199787,9.555905342,8.106516838,-10.08470345,43.70492935,9.987968445,4.891431808,8.14617157,2.327144623,75.01725769,24.12341309,15.45661926,0.311872214,3.34142065,-0.644698977,14.51083469,30.92502213,12.11843014,3.737528563,7.19132328,3.981344223,0.736599565,3.439275026,3.290116787,7.29318285,2.392200232,4.184501171,6.168806553,15.1319437,24.96823692,30.40523529,74.82788086,25.77328873,0.001955226,0.001775883,0.000732016
50010,20160226,82004.6,77024,571.6,382530.5009,7308537.573,65.87634005,-149.5763118,107.1533522,108.5672423,109.339325,135.4307322,214.38664,105.8193977,56847.04465,56823.47038,-2.955348062,56778.166,56776.15,56779.10535,56915.70323,-136.5978797,95.03022003,20.66763878,28.03274536,4.795510292,9.359548569,7.241219044,-9.864994049,43.39913177,9.913805962,4.86641407,8.141781807,1.81342411,75.44384766,23.97525597,15.39043903,0.448230743,3.143471956,-1.513319612,14.73515701,30.61909676,12.04466248,3.712594748,7.186748981,3.467879295,0.737393558,3.495338202,3.179607391,7.295104027,2.472652674,4.20004797,6.019718647,15.126297,24.96565056,30.37592888,74.93000793,25.68753624,0.002644106,0.002383296,0.000248858
50010,20160226,82004.7,77024,571.7,382533.6558,7308537.981,65.87634487,-149.576243,106.5800037,108.6147798,109.4790344,134.8430637,214.32358,105.7088002,56847.04692,56823.47268,-2.953075672,56777.921,56775.993,56778.94608,56915.70995,-136.7638709,95.13743591,20.6180706,27.98711014,4.844302177,9.2352314,6.592987061,-9.506140709,43.08013535,9.961326599,4.934349537,8.126670837,1.431244612,75.5478363,23.92304993,15.34153557,0.496070653,3.017562866,-2.164874554,15.09862328,30.29997253,12.09257793,3.780613899,7.171452999,3.085955143,0.766018689,3.558588982,3.079139233,7.303339005,2.532051802,4.244322777,5.881182671,15.1135025,24.99136734,30.35477829,74.99245453,25.70299911,0.001328692,0.003233585,0.000406674
50010,20160226,82004.8,77024,571.8,382536.8106,7308538.389,65.87634968,-149.5761743,105.8715295,108.608046,109.5461655,134.1202695,214.26052,105.652474,56847.04919,56823.47497,-2.95080527,56777.685,56775.843,56778.79381,56915.71667,-136.9228601,94.95321655,20.73067856,27.89527321,4.806420326,9.186242104,6.166213989,-9.048106194,42.98807144,10.09613323,5.093476295,8.100208282,1.329190731,75.36038971,24.03302193,15.24642944,0.457236826,2.966981649,-2.594970465,15.56127071,30.20778084,12.22777939,3.939824581,7.144805431,2.984156847,0.815128505,3.620052814,2.998415947,7.322454453,2.569805145,4.316973686,5.754930019,15.09371662,25.04440117,30.3424511,75.01728821,25.77565956,0.001273912,0.002874463,0.000408161
50010,20160226,82004.9,77024,571.9,382539.9655,7308538.797,65.8763545,-149.5761055,105.0268927,108.5014302,109.4569168,133.2613127,214.19746,105.6960298,56847.05146,56823.47726,-2.948536808,56777.459,56775.702,56778.65054,56915.72338,-137.0728474,94.5380249,21.04066277,27.7632637,4.78960371,9.169755936,5.850799561,-8.627244949,43.10596466,10.23858356,5.346455574,8.081835747,1.385083437,74.94197083,24.34036827,15.11114979,0.439468235,2.948903561,-2.913707972,15.98674393,30.32554626,12.37062454,4.192887783,7.126247883,3.040305138,0.873941183,3.674769878,2.941183805,7.354925632,2.589062929,4.410402298,5.639396667,15.06775379,25.11654091,30.3421402,75.0166626,25.86929321,0.001071987,0.00336207,0.000713671
50010,20160226,82005.0,77024,572.0,382543.1204,7308539.205,65.87635932,-149.5760368,104.0598113,108.1987827,109.1320496,132.2799113,214.1344,105.9356173,56847.05373,56823.47956,-2.94627024,56777.244,56775.57,56778.51627,56915.7301,-137.2138327,94.02436829,21.5152359,27.58642197,4.868652821,9.159650803,5.690877438,-8.401334763,43.25034332,10.3188839,5.634979248,8.112828255,1.388435721,74.42508698,24.81230354,14.93103886,0.51756537,2.937206507,-3.076952934,16.21726799,30.46979523,12.45132065,4.481494904,7.157055378,3.043912888,0.929617405,3.726262093,2.904502392,7.399846077,2.593628407,4.513138294,5.533891678,15.03730297,25.19693184,30.35845184,75.0062561,25.97015953,0.001598622,0.003909939,0.000628793
50010,20160226,82005.1,77024,572.1,382546.3096,7308539.641,65.8763644,-149.5759673,102.9844217,107.6405289,108.5424805,131.2026717,214.04256,106.4020311,56847.05599,56823.48182,-2.9440056,56777.041,56775.446,56778.39001,56915.73729,-137.3472882,93.65562439,22.0047226,27.34166336,4.975019932,9.157018661,5.829088211,-8.39367485,43.32449722,10.28681183,5.844871998,8.231249809,1.283729553,74.05311584,25.29915237,14.6830101,0.622980475,2.932982445,-2.942065001,16.22953987,30.54382133,12.4196434,4.691471577,7.275292397,2.939462185,0.969594359,3.786542892,2.881527662,7.453154087,2.586376905,4.612882137,5.442294598,15.00526428,25.27662086,30.39579773,74.99459076,26.08331871,0.001478957,0.002683531,0.000401391
50010,20160226,82005.2,77024,572.2,382549.4989,7308540.077,65.87636948,-149.5758979,101.8469783,106.8596433,107.7206955,130.0633783,213.95072,107.0910767,56847.05825,56823.48409,-2.941742919,56776.848,56775.332,56778.27374,56915.74448,-137.4707417,93.58539581,22.29655647,27.08413887,4.986978054,9.155180931,6.230428696,-8.506106377,43.39183426,10.13160515,5.912509918,8.415366173,1.183399558,73.97966003,25.58834839,14.42221642,0.633986652,2.929552794,-2.544047356,16.12172127,30.61103058,12.2648325,4.75919342,7.459223747,2.839387655,0.984979391,3.868808508,2.865617514,7.509048462,2.567382813,4.698660851,5.371777534,14.97496223,25.34856033,30.45574951,74.98671722,26.22454071,0.001107232,0.001991742,0.000444787
50010,20160226,82005.3,77024,572.3,382552.6882,7308540.513,65.87637457,-149.5758284,100.6871723,105.9495308,106.7470322,128.9017223,213.85888,107.9093492,56847.06051,56823.48636,-2.939482146,56776.663,56775.226,56778.16548,56915.75168,-137.5861933,93.70263672,22.27873993,26.9502182,4.887393475,9.132359505,6.634872437,-8.583649635,43.52492523,9.920595169,5.883552074,8.570713043,1.193104982,74.09367371,25.56789398,14.2850256,0.533450067,2.905139446,-2.142926693,16.04878998,30.74399376,12.05421638,4.7303195,7.614385605,2.849348545,0.974034131,3.977653265,2.852716208,7.561433315,2.531526566,4.764264107,5.329379082,14.94907284,25.40778732,30.53461456,74.99243927,26.40827179,0.001107232,0.001991742,0.000444787
50010,20160226,82005.4,77024,572.4,382555.8775,7308540.949,65.87637965,-149.5757589,99.54909515,104.9729679,105.7323074,127.7617952,213.76704,108.7940721,56847.06277,56823.48862,-2.937223228,56776.486,56775.126,56778.06322,56915.75887,-137.695643,93.7980957,22.01736069,27.01556015,4.764650822,9.084968567,6.867460728,-8.451843262,43.69968414,9.773576736,5.847160816,8.620796204,1.334993243,74.18590546,25.30387688,14.3470974,0.409755439,2.856156588,-1.913661242,16.18520927,30.91862488,11.90759373,4.694011688,7.664283752,2.991492271,0.944304883,4.10589695,2.841578722,7.604990959,2.470852613,4.811020374,5.319120884,14.92922783,25.4527626,30.62410164,75.02384949,26.63978386,0.001442629,0.002364318,0.000180471
50010,20160226,82005.5,77024,572.5,382559.0667,7308541.385,65.87638473,-149.5756895,98.47164951,103.9940677,104.7787933,126.6824995,213.6752,109.6811323,56847.06503,56823.49089,-2.934966115,56776.315,56775.031,56777.96597,56915.76606,-137.800091,93.84294891,21.68745613,27.20854568,4.68059206,9.041354179,7.099575996,-7.990351677,43.86780167,9.740016937,5.847609997,8.588253021,1.677816033,74.22753143,24.97133446,14.53681374,0.324744701,2.810950041,-1.684868932,16.65131378,31.08661461,11.8744297,4.694544792,7.631555557,3.334570646,0.91186744,4.239037991,2.833657265,7.636193752,2.381394386,4.848942757,5.343509674,14.91734123,25.48575783,30.7131691,75.09210968,26.9143734,0.001780634,0.00208044,0.000356392
50010,20160226,82005.6,77024,572.6,382562.256,7308541.821,65.87638981,-149.57562,97.48074589,103.1004794,103.9235382,125.6897459,213.58336,110.4828806,56847.06729,56823.49316,-2.932710844,56776.15,56774.94,56777.87271,56915.77325,-137.9005371,93.97531891,21.45761871,27.39873314,4.599457741,9.027626991,7.654847622,-7.233397484,44.02204514,9.750933647,5.879048347,8.546145439,2.363599062,74.35667419,24.73885918,14.72373199,0.242658421,2.795630932,-1.132920146,17.41287994,31.24073029,11.88574123,4.726067066,7.589263439,4.020608902,0.896146417,4.363960266,2.833456039,7.65413475,2.266797066,4.894519806,5.406751156,14.91659451,25.51436424,30.7908535,75.20741272,27.21315765,0.001724203,0.002281328,0.000133291
50010,20160226,82005.7,77024,572.7,382565.4453,7308542.258,65.87639489,-149.5755505,96.59077907,102.2841248,103.1278763,124.7979291,213.49152,111.2073952,56847.06954,56823.49542,-2.93045745,56775.993,56774.852,56777.78246,56915.78044,-137.9979813,94.24865723,21.38991928,27.53132629,4.434741497,9.038825035,8.526065826,-6.428224087,44.14661789,9.746778488,5.930306911,8.520752907,3.337789297,74.62678528,24.66852188,14.85305595,0.076990195,2.805237055,-0.265024871,18.22266769,31.36517525,11.8819809,4.777409554,7.563685894,4.995054722,0.91259563,4.476042747,2.847695827,7.661265373,2.137442112,4.962771416,5.515656948,14.93225861,25.54697609,30.84924126,75.38043213,27.50805473,0.001724203,0.002281328,0.000133291
50010,20160226,82005.8,77024,572.8,382568.6346,7308542.694,65.87639998,-149.5754811,95.80420676,101.4665521,102.3175735,124.0095068,213.39968,111.9331279,56847.07179,56823.49769,-2.928205875,56775.843,56774.767,56777.69521,56915.78763,-138.0924237,94.54508972,21.43139267,27.64747429,4.133908749,9.060305595,9.269316673,-5.921887398,44.19187164,9.764814377,6.003351688,8.485415459,4.238284111,74.91999054,24.70735741,14.96593475,-0.224794537,2.825125694,0.474903047,18.73361588,31.41030121,11.90041161,4.850538254,7.528163433,5.895805359,0.96661222,4.580135345,2.882727385,7.661975861,2.007665396,5.059084892,5.675830841,14.97121334,25.59052467,30.88559914,75.62248993,27.77545357,0.001803675,0.00291967,0.000515168
50010,20160226,82005.9,77024,572.9,382571.8238,7308543.13,65.87640506,-149.5754116,95.10497996,100.6004302,101.4580765,123.30843,213.30784,112.7074098,56847.07404,56823.49996,-2.925956062,56775.702,56774.688,56777.61396,56915.79482,-138.1808644,94.78487396,21.52097511,27.82798004,3.752774954,9.106681824,9.510845184,-5.888319016,44.13914871,9.847559929,6.12118721,8.43495369,4.806484222,75.15654755,24.79430389,15.14317036,-0.606880307,2.869910002,0.713108659,18.77179718,31.35745049,11.98355103,4.968457222,7.477516651,6.464260578,1.052010655,4.685175896,2.941341162,7.659383297,1.891915798,5.178954601,5.883891582,15.03890133,25.65212631,30.90304756,75.942276,28.00099373,0.001637834,0.003744226,0.000494379
50010,20160226,82006.0,77024,573.0,382575.0131,7308543.566,65.87641014,-149.5753421,94.44914848,99.71840661,100.5699005,122.6507485,213.216,113.4975934,56847.07629,56823.50222,-2.923707955,56775.57,56774.616,56777.53971,56915.80201,-138.2623033,95.08462524,21.66701126,28.14558029,3.459949017,9.215834618,9.361789703,-6.197566032,44.04554749,9.971029282,6.328649044,8.415748596,5.239275932,75.45307159,24.93770218,15.45750141,-0.90065819,2.977470875,0.560730278,18.46716309,31.26372147,12.10741615,5.176002979,7.458127022,6.897307873,1.154871345,4.797198296,3.021434784,7.655128002,1.802147508,5.31152916,6.124000072,15.13669872,25.73582458,30.90824699,76.34127808,28.1810379,0.00078382,0.001495954,0.000118306
50010,20160226,82006.1,77024,573.1,382578.2333,7308544.047,65.87641564,-149.575272,93.78155595,98.89345203,99.69608307,121.9824759,213.13013,114.236678,56847.07853,56823.50446,-2.921461594,56775.446,56774.553,56777.47446,56915.8091,-138.3346351,95.58940125,21.89159393,28.58736801,3.405740738,9.391636848,9.166457176,-6.566527367,43.98340988,10.11373806,6.619690418,8.458375931,5.847971916,75.95462799,25.15964699,15.89601994,-0.955818474,3.151681185,0.362074822,18.10281372,31.20145416,12.25052071,5.467128277,7.500569344,7.506259441,1.260010719,4.914352417,3.116981745,7.651013851,1.746464729,5.442195415,6.371900558,15.26066399,25.84152222,30.90768433,76.8117981,28.3290062,0.001332173,0.002316001,0.000446686
50010,20160226,82006.2,77024,573.2,382581.4535,7308544.529,65.87642114,-149.5752019,93.0609554,98.14183337,98.88755798,121.2611954,213.04426,114.9024266,56847.08078,56823.5067,-2.919217019,56775.332,56774.501,56777.42022,56915.81618,-138.3959652,96.26303101,22.14489365,29.00324059,3.567121744,9.573174477,9.020884514,-6.768937588,43.93067932,10.29730129,6.876714706,8.517377853,6.536405087,76.62503052,25.41030884,16.30862236,-0.795389473,3.331626892,0.21317926,17.90501595,31.14859581,12.43447876,5.724236488,7.559386253,8.194948196,1.356147289,5.027168274,3.219456434,7.648898602,1.729110718,5.556452274,6.602777958,15.40156746,25.96479034,30.90810394,77.33907318,28.46790504,0.001748198,0.003191685,0.000137092
50010,20160226,82006.3,77024,573.3,382584.6738,7308545.011,65.87642664,-149.5751318,92.25709329,97.48026671,98.19913483,120.4566533,212.95839,115.4781233,56847.08302,56823.50894,-2.916974165,56775.226,56774.459,56777.37597,56915.82327,-138.4472935,96.96977997,22.33356857,29.22527885,3.777935028,9.692234993,8.745554924,-6.710155964,43.78959656,10.5154438,6.977392197,8.522585869,6.881651402,77.32855225,25.5963459,16.52738953,-0.585528135,3.449095488,-0.065473244,17.96841049,31.00738525,12.65301609,5.824997425,7.564409256,8.540450096,1.43702352,5.124536514,3.319197416,7.650557041,1.751698732,5.642131329,6.799654007,15.5471468,26.10087013,30.91941071,77.90630341,28.61071014,0.001670939,0.003129628,0.000199432
50010,20160226,82006.4,77024,573.4,382587.894,7308545.492,65.87643214,-149.5750617,91.35604281,96.90950354,97.64511108,119.5549228,212.87252,115.9630165,56847.08526,56823.51118,-2.914732971,56775.126,56774.426,56777.34073,56915.83035,-138.4896202,97.62480927,22.42993164,29.24330139,3.919044495,9.748901367,8.266976357,-6.391980648,43.58333588,10.70138836,6.938552856,8.473762512,6.520898342,77.98035431,25.69007111,16.54214287,-0.445370644,3.504169941,-0.547374725,18.29119873,30.80099678,12.83935547,5.786242008,7.515400887,8.179952621,1.499288201,5.198570728,3.407432795,7.657287598,1.814511061,5.689360142,6.956906319,15.68596363,26.2544117,30.95347023,78.49526978,28.75584793,0.001021493,0.002540889,0.000206395
50010,20160226,82006.5,77024,573.5,382591.1142,7308545.974,65.87643765,-149.5749916,90.36453677,96.41950232,97.18692017,118.5627368,212.78665,116.3671477,56847.08751,56823.51342,-2.912493373,56775.031,56774.398,56777.31049,56915.83744,-138.5269453,98.19356537,22.49811745,29.20023918,4.015460491,9.795221329,7.78204298,-5.902767181,43.52926636,10.80108833,6.874085426,8.43916893,5.340075016,78.54588318,25.75561905,16.49581146,-0.349906623,3.548897982,-1.035631061,18.78502464,30.74679947,12.93945122,5.721858501,7.480622768,6.999384403,1.540008664,5.244033337,3.478494167,7.669852734,1.915577531,5.694405556,7.078604221,15.81068039,26.44714546,31.01944923,79.08438873,28.89585304,0.00147812,0.003081908,0.000773719
50010,20160226,82006.6,77024,573.6,382594.3344,7308546.455,65.87644315,-149.5749215,89.30551294,95.98177338,96.77349091,117.5030329,212.70078,116.7190066,56847.08974,56823.51566,-2.910255414,56774.94,56774.374,56777.28426,56915.84452,-138.5602687,98.71168518,22.60058594,29.23696327,4.15216589,9.856581688,7.493290901,-5.439552307,43.78239822,10.83816147,6.844281673,8.46230793,3.678449869,79.06077576,25.85544968,16.52926636,-0.214153215,3.60866642,-1.327705979,19.25285339,30.99980354,12.97691917,5.692138672,7.503576756,5.338015079,1.556561112,5.255112648,3.53133893,7.688644886,2.048509598,5.662703991,7.175113678,15.92132092,26.71298981,31.12044907,79.65161133,29.02389908,0.000938651,0.003721709,0.000855196
50010,20160226,82006.7,77024,573.7,382597.5546,7308546.937,65.87644865,-149.5748514,88.21251998,95.52622868,96.36090851,116.40936,212.61491,117.0886813,56847.09198,56823.5179,-2.908019138,56774.852,56774.355,56777.26302,56915.85161,-138.5885905,99.28226471,22.77154922,29.37747765,4.374847412,9.910095215,7.438884735,-5.201447487,44.21469498,10.8841114,6.799160004,8.515364647,2.350829601,79.62812805,26.0237751,16.66651154,0.007576332,3.660588026,-1.385435104,19.49557114,31.4319725,13.02326393,5.647100449,7.55644846,4.010650158,1.547849655,5.224263668,3.568632126,7.713362217,2.200842857,5.605904579,7.258056164,16.02717972,27.07629776,31.25321198,80.17945862,29.1345253,0.000938651,0.003721709,0.000855196
50010,20160226,82006.8,77024,573.8,382600.7748,7308547.419,65.87645415,-149.5747813,87.12228664,95.05750568,95.92093658,115.3184466,212.52904,117.4715343,56847.09421,56823.52014,-2.905784477,56774.767,56774.339,56777.24478,56915.8587,-138.6139106,99.8984375,23.15014839,29.55014801,4.671315193,9.933476448,7.62460804,-5.206196308,44.57971954,10.97194958,6.647418499,8.559168816,1.987492442,80.24107361,26.3997364,16.8359127,0.303092122,3.682377338,-1.203034639,19.49543381,31.79686928,13.11149693,5.495442867,7.600067616,3.647568464,1.515627623,5.146790028,3.594122887,7.742779255,2.354914427,5.536814213,7.334284306,16.14553642,27.53337669,31.41101265,80.65681458,29.22499084,0.002161791,0.003056613,0.000395475
50010,20160226,82006.9,77024,573.9,382603.995,7308547.9,65.87645965,-149.5747112,86.06702809,94.56819064,95.43294525,114.2625081,212.44317,117.8749794,56847.09645,56823.52238,-2.903551368,56774.688,56774.327,56777.23055,56915.86578,-138.6352292,100.3924561,23.95405197,29.71361542,4.978104591,9.934754372,8.01947403,-5.300635815,44.78779221,11.06976509,6.365767002,8.602813721,2.416691065,80.73186493,27.20100212,16.99611092,0.608929574,3.682063341,-0.811491609,19.40560722,32.00481415,13.20970726,5.213875294,7.643527508,4.077022552,1.464920878,5.026179314,3.610815287,7.77472496,2.492595673,5.466273785,7.40294838,16.29504967,28.05068207,31.59062004,81.0796814,29.30301094,0.002236498,0.002150907,0.000285211
50010,20160226,82007.0,77024,574.0,382607.2152,7308548.382,65.87646515,-149.5746411,85.07241796,94.07399343,94.88794708,113.267218,212.3573,118.2833066,56847.09868,56823.52461,-2.901319744,56774.616,56774.321,56777.22232,56915.87287,-138.6505463,100.6850967,25.09841347,29.92739677,5.203501225,9.932189941,8.415052414,-5.360866547,44.91747665,11.17568684,6.049235344,8.668714523,3.00024724,81.02127838,28.34272766,17.20662117,0.833374202,3.67790699,-0.419236124,19.34998894,32.1343689,13.31602383,4.897427559,7.709243774,4.660834312,1.402794242,4.872768879,3.620885611,7.806602478,2.60014987,5.408396244,7.457290173,16.48472214,28.57394981,31.79975891,81.45632172,29.397995,0.000851555,0.002614846,0.000294558
50010,20160226,82007.1,77024,574.1,382610.4583,7308548.908,65.87647106,-149.5745705,84.12931745,93.52703172,94.29282379,112.3508974,212.30304,118.7760083,56847.10091,56823.52683,-2.89908965,56774.553,56774.32,56777.21909,56915.87837,-138.6592822,100.8936005,26.05041504,30.21944809,5.289347649,9.932387352,8.571551323,-5.394170761,45.04670334,11.39045906,5.839217663,8.736154556,3.345894814,81.22655487,29.29209137,17.49540329,0.918268681,3.67651248,-0.266060114,19.3212986,32.2634697,13.53119183,4.687493801,7.776498795,5.006737232,1.33612144,4.700689793,3.627409935,7.836144924,2.67191267,5.382221222,7.490261555,16.70848846,29.04452133,32.05679703,81.81255341,29.56515884,0.000997871,0.002031347,0.000138347
50010,20160226,82007.2,77024,574.2,382613.7013,7308549.435,65.87647697,-149.5744999,83.268277,92.90634233,93.66213226,111.516637,212.24878,119.3424377,56847.10313,56823.52904,-2.89686113,56774.501,56774.323,56777.21986,56915.88388,-138.6640165,101.1057587,26.36750412,30.42463684,5.248737335,9.932778358,8.48675251,-5.413517952,45.20359421,11.79083538,5.811315536,8.764160156,3.451018572,81.43548584,29.60654259,17.69732285,0.876706362,3.675311565,-0.354181856,19.30656242,32.42023087,13.93196297,4.659675121,7.804319382,5.112116814,1.270833015,4.527595043,3.636375427,7.86166811,2.710744143,5.401716709,7.49971962,16.9481926,29.41627884,32.37907791,82.18736267,29.87064362,0.001154091,0.002980626,0.000125832
50010,20160226,82007.3,77024,574.3,382616.9444,7308549.961,65.87648288,-149.5744294,82.47602196,92.25334625,93.00052643,110.751162,212.19452,119.9411738,56847.10536,56823.53125,-2.894634116,56774.459,56774.331,56777.22563,56915.88938,-138.6637493,101.3249283,26.19690514,30.32243347,5.130722523,9.932368279,8.350296021,-5.243236065,45.49686432,12.25722408,5.973561287,8.748352051,3.403345108,81.65142822,29.43330574,17.59184837,0.757739604,3.673309565,-0.493961245,19.48145866,32.71337509,14.39874649,4.822004795,7.788326263,5.064698696,1.212724209,4.371387959,3.657177687,7.883926392,2.725746632,5.468613625,7.489667416,17.18029594,29.66780853,32.77021027,82.617836,30.35092163,0.00100744,0.002964281,0.000337095
50010,20160226,82007.4,77024,574.4,382620.1874,7308550.487,65.87648879,-149.5743588,81.73201412,91.6112494,92.31512451,110.0339341,212.14026,120.5290106,56847.10759,56823.53346,-2.892408542,56774.426,56774.344,56777.23641,56915.89489,-138.6584806,101.7109299,26.00235939,29.95277023,4.973170757,9.935176849,8.290419579,-4.536760807,46.10916138,12.56430435,6.323728085,8.721254349,3.246442556,82.03420258,29.23612213,17.21891594,0.599235833,3.674526215,-0.557160616,20.19254684,33.32554245,14.70622253,5.172255516,7.761044025,4.908051491,1.167816997,4.245838642,3.700419188,7.908677578,2.728417158,5.571941376,7.467791557,17.38284302,29.80687523,33.21347809,83.12414551,30.99092674,0.000903493,0.002681586,0.000447638
50010,20160226,82007.5,77024,574.5,382623.4304,7308551.014,65.87649471,-149.5742882,81.01666755,90.9630489,91.62310791,109.3453675,212.086,121.1229511,56847.10982,56823.53567,-2.890184341,56774.398,56774.362,56777.25218,56915.90039,-138.6482106,102.4926682,25.99765778,29.62221909,4.80218029,9.956493378,8.267364502,-3.151932478,46.99446106,12.6380415,6.803604126,8.710845947,3.056437969,82.81271362,29.22878265,16.8850956,0.42729339,3.694250822,-0.583538592,21.58198738,34.21071625,14.78035355,5.652215481,7.750450611,4.718302727,1.141996622,4.160416126,3.772576094,7.94540596,2.731620789,5.692662716,7.441675186,17.5407505,29.86524773,33.67239761,83.70457458,31.7350502,0.000661189,0.001788796,0.00019414
50010,20160226,82007.6,77024,574.6,382626.6735,7308551.54,65.87650062,-149.5742177,80.32517251,90.27179279,90.93785095,108.6806525,212.03174,121.7599472,56847.11204,56823.53789,-2.887961558,56774.374,56774.386,56777.27396,56915.9059,-138.6319391,103.5383987,26.05535126,29.54048347,4.654619217,10.04001808,8.176679611,-1.522223473,47.76720428,12.59670639,7.242741585,8.726398468,2.896841764,83.85521698,29.28383827,16.80009079,0.278780341,3.776183605,-0.677546382,23.21630859,34.98332977,14.73941422,6.091436386,7.765818119,4.558961868,1.138544559,4.120214939,3.872269869,8.001912117,2.748898983,5.811914444,7.416356564,17.65035439,29.88367844,34.1050148,84.34248352,32.50173187,0.000813654,0.002533902,0.00037861
50010,20160226,82007.7,77024,574.7,382629.9165,7308552.067,65.87650653,-149.5741471,79.6623641,89.57241177,90.26152039,108.0446241,211.97748,122.4050682,56847.11426,56823.5401,-2.885740238,56774.355,56774.415,56777.30074,56915.91141,-138.6106662,104.4041672,26.01382828,29.58897209,4.587785244,10.23519325,7.99879694,-0.399663538,48.10692978,12.55812073,7.474476337,8.786523819,2.658543825,84.71775818,29.23967743,16.84531021,0.210994393,3.969766855,-0.858751953,24.34348106,35.32292557,14.70122337,6.323255062,7.825758457,4.320919514,1.155394554,4.124712944,3.990720987,8.079730034,2.790299177,5.912861824,7.396243095,17.72136116,29.89346886,34.48427582,85.01847076,33.21054077,0.000609892,0.004225412,0.000736192
50010,20160226,82007.8,77024,574.8,382633.1595,7308552.593,65.87651244,-149.5740766,79.03169723,88.89078676,89.58907318,107.4407372,211.92322,123.0324332,56847.11648,56823.54231,-2.883520312,56774.339,56774.451,56777.33452,56915.91691,-138.5823919,104.9034195,25.87437439,29.52462578,4.669277668,10.5114975,7.82894516,-0.117405802,48.10044479,12.53907871,7.486837387,8.930939674,2.115351677,85.21378326,29.09758568,16.7776947,0.291534841,4.244479179,-1.031926632,24.63035202,35.3163147,14.68257618,6.335700035,7.9699893,3.777982712,1.18527317,4.165680885,4.114101887,8.173754692,2.859406233,5.98206377,7.389850616,17.77191734,29.91016197,34.80979538,85.71942902,33.81447601,0.001110428,0.003138112,0.000183963
50010,20160226,82007.9,77024,574.9,382636.4026,7308553.12,65.87651835,-149.574006,78.4381503,88.22624601,88.92680359,106.8739703,211.86896,123.642714,56847.1187,56823.54452,-2.881301712,56774.327,56774.492,56777.3733,56915.92242,-138.5491162,105.3102417,25.75148201,29.32326126,4.935734272,10.74231911,7.756071091,-0.308947027,48.05010986,12.54040051,7.383620739,9.164813042,1.261893272,85.61737823,28.97205544,16.57305908,0.55703944,4.47370863,-1.10812366,24.44342232,35.26585007,14.68429279,6.23256731,8.203678131,2.924779892,1.218400002,4.226723671,4.227234364,8.274357796,2.952379942,6.014585972,7.410060406,17.81898499,29.94563675,35.10667801,86.44094086,34.32035446,0.001070539,0.002388576,0.000105687
50010,20160226,82008.0,77024,575.0,382639.6456,7308553.646,65.87652426,-149.5739354,77.88967995,87.54323428,88.27690887,106.3522799,211.8147,124.2714657,56847.12092,56823.54673,-2.879084369,56774.321,56774.536,56777.41508,56915.92792,-138.5128393,105.9527283,25.75336838,29.21294594,5.322797775,10.83979225,7.735050678,-0.396285385,48.16776657,12.6047163,7.248383045,9.40437603,0.473090559,86.25663757,28.97130394,16.45947456,0.943150997,4.569590092,-1.132466912,24.36069679,35.38338089,14.74900341,6.097413063,8.443056107,2.136232615,1.246530652,4.288720608,4.317625523,8.370519638,3.05898571,6.015322685,7.471095085,17.87098503,30.01702499,35.41313934,87.18352509,34.79367828,0.001903186,0.004766141,0.000284098
50010,20160226,82008.1,77024,575.1,382642.8816,7308554.208,65.87653048,-149.573865,77.43231641,86.8470774,87.62942505,105.8830664,211.80281,124.9557326,56847.12313,56823.54892,-2.876868327,56774.32,56774.585,56777.46187,56915.93328,-138.4714109,106.861969,25.90467644,29.37379074,5.660401344,10.85078335,7.619857788,-0.099050857,48.54635239,12.74252319,7.10981226,9.535635948,0.142300934,87.16265106,29.11997604,16.61705017,1.279802561,4.578989029,-1.250982761,24.66254425,35.76183701,14.88720703,5.958926201,8.574131012,1.805698514,1.267298579,4.336483479,4.378395557,8.452951431,3.165335894,5.997684479,7.585257053,17.92681503,30.14344406,35.7624588,87.94378662,35.33636856,0.001216672,0.002824613,0.000490254
50010,20160226,82008.2,77024,575.2,382646.1177,7308554.769,65.87653671,-149.5737947,77.02993856,86.17299897,86.97077179,105.4688386,211.79092,125.617921,56847.12534,56823.55111,-2.874653631,56774.323,56774.638,56777.51265,56915.93863,-138.4259811,107.8709259,26.15309715,29.7287674,5.807830811,10.85907364,7.363377571,0.5900172,49.17679977,12.87770557,6.974472046,9.529202461,0.274922043,88.16838074,29.3657589,16.96875763,1.426280022,4.585687637,-1.510785937,25.35622597,36.39215851,15.02278423,5.82366991,8.567512512,1.938575149,1.285151243,4.36165905,4.409797668,8.516170502,3.255792141,5.975112438,7.756328106,17.98137856,30.34005737,36.16729736,88.70428467,36.0411644,0.001239295,0.002669965,0.000547221
50010,20160226,82008.3,77024,575.3,382649.3537,7308555.331,65.87654293,-149.5737243,76.68110951,85.51652822,86.29510498,105.1081595,211.77903,126.2625018,56847.12756,56823.55329,-2.872440216,56774.331,56774.699,56777.57144,56915.94399,-138.3725501,108.8413467,26.46340179,30.10069656,5.784696102,10.863657,7.157152176,1.629439831,49.88565063,12.93050003,6.829566956,9.453705788,0.631191552,89.13557434,29.67342567,17.3374176,1.402193427,4.588678837,-1.720334172,26.40026093,37.10087967,15.07597256,5.678848743,8.491830826,2.295100212,1.308250427,4.364485264,4.417768478,8.559534073,3.313339233,5.956546307,7.974532127,18.03002357,30.61294556,36.6166954,89.43307495,36.94815445,0.001577316,0.00254683,0.000322553
50010,20160226,82008.4,77024,575.4,382652.5897,7308555.892,65.87654915,-149.5736539,76.38498012,84.83075592,85.59654999,104.8001801,211.76714,126.9363841,56847.12977,56823.55548,-2.870228018,56774.344,56774.77,56777.64023,56915.94935,-138.3091178,109.6676636,26.87161636,30.45594215,5.718568325,10.82285404,7.247731209,2.973170519,50.45259857,12.91297626,6.667574406,9.388987541,1.145340919,89.95866394,30.07900238,17.68939209,1.335113645,4.546284199,-1.633078098,27.74860382,37.66770172,15.05884457,5.51693964,8.426927567,2.809504986,1.344959855,4.352623463,4.409738541,8.588147163,3.321393967,5.948925495,8.217897415,18.07086563,30.95772934,37.09006119,90.10277557,38.03075409,0.001529845,0.002692745,0.000338341
50010,20160226,82008.5,77024,575.5,382655.8257,7308556.454,65.87655538,-149.5735835,76.14031189,84.13034038,84.86975861,104.5436619,211.75525,127.6249096,56847.13198,56823.55767,-2.868016971,56774.362,56774.851,56777.71902,56915.9547,-138.2356844,110.2103882,27.38957024,30.86589813,5.688259125,10.756217,7.603359222,4.537967205,50.83912277,12.89190197,6.547684193,9.366524696,1.981204152,90.49816895,30.59431839,18.09608078,1.303852439,4.478055,-1.280772924,29.31801414,38.05409622,15.03816509,5.39713335,8.404279709,3.645623684,1.401185036,4.336442471,4.39117384,8.610545158,3.2712605,5.956255913,8.457965851,18.108284,31.36039734,37.57545853,90.72122955,39.22359085,0.001529845,0.002692745,0.000338341
50010,20160226,82008.6,77024,575.6,382659.0617,7308557.016,65.8765616,-149.5735131,75.94245719,83.45003922,84.11860657,104.3339572,211.74336,128.2933208,56847.13419,56823.55985,-2.86580712,56774.386,56774.944,56777.80981,56915.96006,-138.1502498,110.4275894,27.91944504,31.29551315,5.649550438,10.71903324,7.939539433,6.140871048,51.16399002,12.89590836,6.596989155,9.38177681,3.165786743,90.71214294,31.12155533,18.5224247,1.264191747,4.439279556,-0.947915673,30.92552948,38.37883759,15.04256725,5.446522236,8.419347763,4.830461979,1.479060531,4.325834274,4.364384651,8.63356781,3.16903019,5.978538036,8.667441368,18.15611649,31.79818535,38.0763855,91.34931946,40.45868301,0.00135799,0.002273807,0.000301685
50010,20160226,82008.7,77024,575.7,382662.2977,7308557.577,65.87656782,-149.5734428,75.7838455,82.76755806,83.34316254,104.1634955,211.73147,128.9639119,56847.1364,56823.56204,-2.863598508,56774.415,56775.051,56777.9146,56915.96541,-138.0508139,110.5417633,28.37561607,31.57756996,5.487503529,10.69946194,8.10699749,7.458646774,51.53573227,12.90918732,6.907411098,9.425116539,4.335216522,90.8230896,31.5750885,18.80121231,1.101192951,4.418116093,-0.783780515,32.24791718,38.75045013,15.05624104,5.757028103,8.46250248,6.000146866,1.576933026,4.32732296,4.33113575,8.659478188,3.03091383,6.011764526,8.827512741,18.23781204,32.24187469,38.60520172,92.08544159,41.68316269,0.001490308,0.003520293,0.000105805
50010,20160226,82008.8,77024,575.8,382665.5338,7308558.139,65.87657404,-149.5733724,75.65657424,82.02936766,82.53633881,104.0243742,211.71958,129.6902123,56847.13861,56823.56422,-2.861391069,56774.451,56775.172,56778.03339,56915.97077,-137.9373769,110.9659271,28.80971527,31.61307907,5.146735668,10.62074947,8.262557983,8.329423904,52.05363464,12.93951988,7.391739845,9.488900185,5.00985527,91.24402618,32.00654984,18.83345222,0.759473085,4.337811947,-0.631542921,33.12331009,39.26822281,15.08696842,6.241440773,8.526101112,6.675041199,1.689890385,4.341163635,4.294876099,8.687465668,2.875314951,6.048997879,8.932605743,18.37969017,32.66123581,39.16791153,93.02381134,42.86839294,0.001490308,0.003520293,0.000105805
50010,20160226,82008.9,77024,575.9,382668.7698,7308558.7,65.87658027,-149.573302,75.55073536,81.21887602,81.68679047,103.9066854,211.70769,130.488814,56847.14081,56823.56641,-2.859184737,56774.492,56775.309,56778.16818,56915.97612,-137.8079388,112.0958786,29.27043724,31.48859215,4.738279819,10.46499729,8.590289116,9.092288017,52.81510925,13.05573654,7.787358761,9.564815521,5.075198174,92.37075043,32.46463394,18.70569611,0.350065231,4.180467606,-0.307134718,33.89078522,40.02957153,15.2035799,6.637143135,8.601831436,6.740639687,1.811262012,4.362381458,4.259860039,8.716688156,2.721735954,6.081548691,8.990204811,18.59890366,33.03289413,39.75271988,94.21307373,44.00569534,0.001844559,0.003239822,0.000171451
50010,20160226,82009.0,77024,576.0,382672.0058,7308559.262,65.87658649,-149.5732316,75.45371107,80.36640014,80.79320526,103.7978111,211.6958,131.3293999,56847.14302,56823.5686,-2.856979447,56774.536,56775.462,56778.31898,56915.98148,-137.6624996,114.0729523,29.65451813,31.35676765,4.467875004,10.33272552,9.015640259,10.20422935,53.74879837,13.35083961,7.891812801,9.647919655,4.793475151,94.34459686,32.84607697,18.57060051,0.07870844,4.046604156,0.114893518,35.00733948,40.96313095,15.4990778,6.741681099,8.684750557,6.459172249,1.934274912,4.384500504,4.230010033,8.746529579,2.589138746,6.101046085,9.014754295,18.89377594,33.34654236,40.33208084,95.6341095,45.09407806,0.000819517,0.001465776,0.000649204
50010,20160226,82009.1,77024,576.1,382675.1915,7308559.84,65.87659285,-149.5731624,75.32856928,79.4904323,79.88101959,103.6851193,211.66426,132.1738277,56847.14522,56823.57076,-2.854775243,56774.585,56775.63,56778.48478,56915.98673,-137.5019537,116.5192337,29.85122299,31.28656769,4.423133373,10.33040619,9.317519188,11.59578037,54.55781174,13.86250401,7.734838486,9.724830627,4.378816128,96.78765106,33.04014587,18.49713135,0.03301483,4.042692661,0.413449526,36.40350342,41.77201843,16.01113892,6.584790707,8.761476517,6.04476881,2.051497459,4.402481079,4.207862377,8.775941849,2.492175579,6.10235548,9.021160126,19.24238205,33.60787964,40.87650681,97.2000885,46.13138962,0.001262123,0.004200054,0.00029452
50010,20160226,82009.2,77024,576.2,382678.3773,7308560.419,65.8765992,-149.5730931,75.19176312,78.61896578,78.99747467,103.5607631,211.63272,133.0137542,56847.14742,56823.57292,-2.852572171,56774.638,56775.811,56778.66357,56915.99198,-137.3284066,118.7149811,29.90847206,31.26408005,4.50065136,10.43720913,9.427411079,12.83204842,54.98464966,14.50211143,7.465559959,9.757762909,3.837966442,98.9801712,33.09475708,18.47137451,0.109580837,4.147903919,0.520018518,37.64438248,42.19872665,16.65114021,6.315596104,8.794223785,5.504174709,2.154812336,4.413006306,4.193891048,8.803816795,2.438813925,6.085216045,9.020432472,19.60875702,33.83649063,41.37269974,98.77762604,47.10712051,0.000950219,0.003373373,7.89e-05
50010,20160226,82009.3,77024,576.3,382681.5631,7308560.998,65.87660556,-149.5730238,75.04020863,77.80747807,78.18843079,103.4216586,211.60118,133.7937019,56847.14963,56823.57508,-2.850370161,56774.699,56776.005,56778.85537,56915.99723,-137.1418586,120.2891312,29.95219994,31.26620483,4.566431522,10.53697586,9.460817337,13.72116566,55.09830093,15.06949902,7.197127819,9.718343735,3.243611574,100.5510941,33.13584518,18.4702282,0.174409017,4.246078491,0.550101876,38.53811264,42.31225204,17.21892166,6.04724741,8.754619598,4.910075188,2.237797976,4.411595345,4.186811447,8.82953167,2.428571701,6.054310799,9.016274452,19.95267296,34.05752563,41.83645248,100.2268448,48.0006485,0.001260622,0.004460037,0.000165688
50010,20160226,82009.4,77024,576.4,382684.7488,7308561.576,65.87661192,-149.5729546,74.86786738,77.12768028,77.49304962,103.2617674,211.56964,134.4419597,56847.15183,56823.57724,-2.848169145,56774.77,56776.211,56779.05917,56916.00248,-136.9433095,121.4044113,30.08460808,31.28754234,4.604035378,10.5574522,9.490667343,14.39503574,55.21343994,15.38978672,7.00121212,9.642465591,2.841976166,101.663147,33.26561737,18.48829842,0.211060897,4.264962673,0.576628983,39.2165947,42.42726135,17.53960609,5.851415634,8.678556442,4.508695126,2.29765439,4.390982628,4.183977604,8.853904724,2.455192327,6.018010616,9.0086689,20.2407856,34.29075623,42.31089401,101.4495468,48.78902435,0.001334075,0.004214711,0.000614465
50010,20160226,82009.5,77024,576.5,382687.9346,7308562.155,65.87661828,-149.5728853,74.668104,76.58906093,76.92733002,103.074454,211.5381,134.9490391,56847.15403,56823.5794,-2.845969056,56774.851,56776.43,56779.27597,56916.00773,-136.7317595,122.2222824,30.38832664,31.32180405,4.671996593,10.52756977,9.46138382,14.98704147,55.5589447,15.44960976,6.914394379,9.609189987,2.770940304,102.4777908,33.56669617,18.51928902,0.278070152,4.23348856,0.544022501,39.81321335,42.77264023,17.599823,5.764681816,8.645095825,4.437914848,2.335477829,4.344272614,4.182522297,8.879947662,2.513898373,5.983635902,8.998370171,20.45552635,34.54301834,42.84751511,102.4251175,49.46202087,0.001816733,0.003865282,0.000351116
50010,20160226,82009.6,77024,576.6,382691.1203,7308562.734,65.87662463,-149.572816,74.43989611,76.14887362,76.47264862,102.8586961,211.50656,135.3576864,56847.15623,56823.58157,-2.843769933,56774.944,56776.661,56779.50477,56916.01298,-136.5082085,122.6980286,30.84876633,31.35081673,4.790501595,10.51257133,9.363473892,15.50136852,56.18379211,15.38817692,6.904135227,9.652151108,2.887786388,102.9503098,34.02449799,18.5450325,0.395623147,4.216897964,0.442789704,40.33215332,43.39735794,17.53878403,5.754506588,8.687872887,4.555016518,2.355356693,4.268538475,4.180707455,8.911859512,2.607573748,5.956147194,8.9868536,20.59781837,34.80607986,43.48050308,103.2138367,50.03330231,0.001272622,0.003296703,0.000274684
50010,20160226,82009.7,77024,576.7,382694.3061,7308563.312,65.87663099,-149.5727468,74.18810063,75.79164219,76.10232544,102.6193506,211.47502,135.6833778,56847.15843,56823.58373,-2.841571824,56775.051,56776.902,56779.74357,56916.01823,-136.2746565,122.8985596,31.2928009,31.35766983,4.930370331,10.53667831,9.332051277,15.91999722,57.12482071,15.36627007,6.906563759,9.730883598,2.956705809,103.1476135,34.46589661,18.54861641,0.534539938,4.239413261,0.408044159,40.7553978,44.33826065,17.51727486,5.757018566,8.766420364,4.624191284,2.36141634,4.167530537,4.177280903,8.95390892,2.743541718,5.939822197,8.97567749,20.68367577,35.05943298,44.21173096,103.9214859,50.53976822,0.001036142,0.002750784,0.000274466
50010,20160226,82009.8,77024,576.8,382697.4918,7308563.891,65.87663735,-149.5726775,73.9199485,75.50906291,75.79452515,102.3636485,211.44348,135.9344171,56847.16062,56823.58589,-2.839374665,56775.172,56777.15,56779.98937,56916.02348,-136.0341035,123.1562958,31.59225655,31.33429146,5.082067013,10.56507397,9.43743515,16.2857399,58.33675385,15.43783283,6.904985905,9.801585197,2.843169212,103.4021225,34.76271439,18.52196884,0.685284615,4.266216755,0.510105133,41.1257515,45.55006409,17.58923149,5.755524635,8.836936951,4.510910034,2.354447365,4.05292654,4.171247005,9.009634018,2.923041344,5.936955452,8.966023445,20.73591614,35.28073502,45.01394653,104.6465836,51.03341675,0.001206838,0.00384888,0.000341718
50010,20160226,82009.9,77024,576.9,382700.6776,7308564.469,65.8766437,-149.5726082,73.64029296,75.26984686,75.52873993,102.096443,211.41194,136.1420931,56847.16282,56823.58805,-2.837178396,56775.309,56777.403,56780.24018,56916.02873,-135.7885497,123.8816452,31.8386097,31.2724247,5.286848068,10.54238033,9.507903099,16.66074562,59.48121262,15.53503609,6.925797939,9.870641708,2.505665302,104.1242447,35.00643158,18.45683289,0.889113724,4.241931438,0.577250183,41.50537109,46.69439316,17.68683052,5.776420593,8.905808449,4.173661709,2.330848455,3.941233635,4.162002087,9.080655098,3.136083841,5.947622299,8.958380699,20.77609634,35.45625305,45.84523392,105.4477921,51.57285309,0.001206838,0.00384888,0.000341718
50010,20160226,82010.0,77024,577.0,382703.8633,7308565.048,65.87665006,-149.572539,73.35098129,75.02672939,75.27774811,101.8195813,211.3804,136.3536706,56847.16502,56823.59021,-2.834982955,56775.462,56777.659,56780.49398,56916.03398,-135.539995,125.208519,32.1122818,31.17310143,5.596491337,10.4598484,9.368919373,17.08738708,60.21591187,15.57493782,6.977353096,9.965763092,1.981907606,105.4478912,35.27746582,18.35423851,1.197805047,4.15780735,0.434943527,41.93662262,47.42896652,17.72712517,5.828059673,9.00074482,3.650159597,2.284263849,3.847846985,4.149003029,9.165828705,3.363693237,5.970965862,8.952711105,20.82123375,35.58632278,46.66444778,106.3476257,52.21356964,0.001278054,0.00271769,0.00052453
50010,20160226,82010.1,77024,577.1,382706.9976,7308565.628,65.87665641,-149.5724708,73.05255687,74.74493145,75.00390625,101.5339469,211.34483,136.5998985,56847.16721,56823.59235,-2.832788381,56775.63,56777.916,56780.74879,56916.0393,-135.2905083,126.7501068,32.23765182,31.07032013,5.993917465,10.38188839,9.160381317,17.66750145,60.6865654,15.5569725,7.035638332,10.09357262,1.42531395,106.9862518,35.40019608,18.24818802,1.59427917,4.078255653,0.223082572,42.52135086,47.89949036,17.70955658,5.886428833,9.128369331,3.093821526,2.212339401,3.781172991,4.13225174,9.26040554,3.582990646,6.00969696,8.95006752,20.88525963,35.68366241,47.4420433,107.3513794,52.99410248,0.001629247,0.003660221,0.000263328
50010,20160226,82010.2,77024,577.2,382710.132,7308566.209,65.87666277,-149.5724027,72.74625108,74.41094339,74.67458344,101.2404311,211.30926,136.8983166,56847.1694,56823.59449,-2.830594715,56775.811,56778.172,56781.00259,56916.04462,-135.0420207,127.9054565,32.02177811,31.01670074,6.353826046,10.38221836,9.15986824,18.60172653,61.31615829,15.54888821,7.081355572,10.2320528,1.023725033,108.1383743,35.1816864,18.19129753,1.953235745,4.076993465,0.219246581,43.46018982,48.52895737,17.70186806,5.932229519,9.266664505,2.692488194,2.12190485,3.740581036,4.112603188,9.357286453,3.773323536,6.071385384,8.953051567,20.98109627,35.76504135,48.16518021,108.4541168,53.92205811,0.001629247,0.003660221,0.000263328
50010,20160226,82010.3,77024,577.3,382713.2663,7308566.789,65.87666912,-149.5723346,72.43548275,74.01569419,74.28195953,100.9424528,211.27369,137.2579958,56847.1716,56823.59663,-2.828401899,56776.005,56778.425,56781.2534,56916.04993,-134.7965322,128.5788727,31.5973587,31.04421234,6.536568642,10.45699024,9.298585892,19.96665955,62.17066574,15.61814117,7.125736237,10.34868145,0.844671488,108.8085632,34.75462723,18.21553993,2.135026455,4.150173664,0.354641318,44.8297348,49.38333511,17.77151489,5.976694107,9.383108139,2.513689995,2.026860476,3.719982624,4.091504574,9.450382233,3.920488358,6.164313793,8.964525223,21.11616898,35.8498764,48.83788681,109.6363907,54.9681778,0.001021559,0.002719064,0.000613257
50010,20160226,82010.4,77024,577.4,382716.4006,7308567.37,65.87667548,-149.5722664,72.12612024,73.56951247,73.84423828,100.6458802,211.23812,137.6686075,56847.17379,56823.59877,-2.826209874,56776.211,56778.676,56781.50221,56916.05525,-134.5530429,129.3948822,31.29096794,31.14941788,6.533913612,10.5227747,9.156398773,21.51620293,62.94308853,15.80665016,7.205378532,10.42823219,0.812900901,109.6213455,34.4455986,18.31747627,2.13141942,4.214365959,0.209131286,46.38389206,50.15563202,17.9604187,6.056420326,9.462473869,2.482174873,1.942913532,3.713087559,4.070663929,9.537276268,4.017720222,6.291435242,8.987398148,21.28720474,35.96811676,49.47784042,110.8694458,56.0779953,0.001633186,0.004435734,0.000431102
50010,20160226,82010.5,77024,577.5,382719.5349,7308567.95,65.87668183,-149.5721983,71.82470295,73.10749284,73.40102386,100.357253,211.20255,138.0950572,56847.17598,56823.60091,-2.824018583,56776.43,56778.923,56781.74702,56916.06057,-134.313553,130.9382477,31.24860954,31.29288483,6.466208935,10.50765133,8.603932381,22.90886307,63.47934341,16.12798882,7.367008209,10.47819138,0.844298601,111.1614838,34.40060425,18.45767403,2.062762737,4.197650909,-0.346658021,47.78116226,50.6917572,18.28215218,6.218133926,9.512248993,2.513828039,1.881319165,3.71581769,4.051631451,9.620307922,4.065401077,6.446548462,9.025834084,21.48159981,36.16112518,50.11037064,112.1349106,57.20383072,0.000639866,0.003503604,0.000496902
50010,20160226,82010.6,77024,577.6,382722.6692,7308568.531,65.87668818,-149.5721302,71.53611815,72.68749837,72.99354553,100.0814581,211.16698,138.4794816,56847.17817,56823.60305,-2.821828064,56776.661,56779.166,56781.98783,56916.06589,-134.0780622,132.9108124,31.40255547,31.4144783,6.436433792,10.42967987,8.081036568,23.99379158,63.92256165,16.51546288,7.633006573,10.51504898,0.9771837,113.1308212,34.5519104,18.57599831,2.032035589,4.118087292,-0.872876763,48.87070465,51.13484955,18.67002106,6.484215736,9.548921585,2.646968842,1.842470169,3.727467775,4.035657883,9.705217361,4.069862366,6.616841793,9.086364746,21.6800518,36.46764755,50.76093292,113.438324,58.34095383,0.001552724,0.00472433,0.000724231
50010,20160226,82010.7,77024,577.7,382725.8036,7308569.111,65.87669454,-149.572062,71.26285695,72.34342753,72.63771057,99.82098695,211.13141,138.7879825,56847.18036,56823.60519,-2.819638356,56776.902,56779.405,56782.22464,56916.07121,-133.8465706,134.4448853,31.79079628,31.4863205,6.43723011,10.36574745,7.919857025,24.75826645,64.42915344,16.80947495,7.952223301,10.56742096,1.303311944,114.6616669,34.93751526,18.6445694,2.031879902,4.05256319,-1.037379146,49.6397934,51.64131165,18.96442986,6.803516388,9.601108551,2.973352432,1.814541698,3.752212524,4.023386955,9.79791832,4.040387154,6.786662579,9.177022934,21.86319923,36.90327454,51.44841766,114.796669,59.53701782,0.001552724,0.00472433,0.000724231
50010,20160226,82010.8,77024,577.8,382728.9379,7308569.691,65.87670089,-149.5719939,71.0054095,72.06594795,72.32447815,99.5763295,211.09584,139.0298921,56847.18255,56823.60733,-2.817449401,56777.15,56779.64,56782.45745,56916.07653,-133.6190783,135.2857208,32.64707184,31.54770088,6.398675442,10.3571434,7.831264973,25.33798027,65.09459686,16.89707565,8.224397659,10.67282295,1.716929674,115.4992752,35.79115295,18.7026825,1.992373228,4.042366982,-1.129294157,50.22411728,52.30662918,19.05242538,7.07577467,9.706325531,3.387225628,1.779230356,3.798668861,4.014774799,9.900669098,3.986208916,6.94018364,9.304926872,22.02012634,37.44953537,52.17902374,116.2121735,60.86020279,0.001581682,0.002398631,0.000106517
50010,20160226,82010.9,77024,577.9,382732.0722,7308570.272,65.87670725,-149.5719258,70.75732244,71.80936052,72.02777863,99.34103244,211.06027,139.2509095,56847.18474,56823.60947,-2.815261141,56777.403,56779.87,56782.68526,56916.08185,-133.3965852,136.1907043,33.96518326,31.67570305,6.286305904,10.37711525,7.417134285,26.26791191,66.02549744,16.84140205,8.396979332,10.83883762,1.93033421,116.4010391,37.10662842,18.82741547,1.879051805,4.060747147,-1.546747804,51.1586647,53.23740005,18.99714661,7.248440266,9.87215519,3.60088563,1.719027519,3.876762867,4.009558201,10.01006699,3.914747,7.064782143,9.475473404,22.15163231,38.06098938,52.94025421,117.6620789,62.34902573,0.001713706,0.002970708,0.000393185
50010,20160226,82011.0,77024,578.0,382735.2065,7308570.852,65.8767136,-149.5718576,70.50883665,71.54810807,71.72344971,99.10533665,211.0247,139.4765919,56847.18693,56823.61161,-2.813073516,56777.659,56780.097,56782.91007,56916.08717,-133.1770916,137.896637,35.20881271,31.92192841,6.132065296,10.38236618,6.774683952,28.25897217,67.17763519,16.80803871,8.475039482,11.02077961,1.927784204,118.1037445,38.3476181,19.07036972,1.723859191,4.064405918,-2.192521095,53.15433502,54.38940811,18.96417809,7.326583862,10.05391216,3.598591328,1.62349999,3.993198633,4.007658958,10.1181221,3.833607435,7.15422678,9.68734169,22.26996231,38.679245,53.70023346,119.1106033,63.98168945,0.002031067,0.002758128,0.000282853
50010,20160226,82011.1,77024,578.1,382738.2734,7308571.409,65.87671972,-149.5717909,70.30087762,71.2757441,71.39959717,98.86197762,210.91563,139.6398859,56847.18911,56823.61373,-2.810886562,56777.916,56780.32,56783.13089,56916.09573,-132.9648432,140.0925751,35.8203125,32.25315094,5.986360073,10.36429024,6.320224285,31.24168205,68.24313354,16.89852905,8.450968742,11.16275787,2.096874475,120.2964554,38.95648193,19.39832306,1.577201962,4.044738293,-2.650303602,56.14165878,55.45478058,19.05506325,7.302597046,10.19570541,3.767936945,1.491174579,4.147975922,4.010282993,10.21541882,3.752552032,7.209789753,9.928135872,22.39474487,39.24779129,54.41776657,120.5221634,65.68292999,0.000901807,0.003250804,0.000378438
50010,20160226,82011.2,77024,578.2,382741.3403,7308571.966,65.87672584,-149.5717243,70.07771926,70.97745162,71.05661011,98.60341926,210.80656,139.8291084,56847.1913,56823.61585,-2.80870032,56778.172,56780.543,56783.3517,56916.10429,-132.7525941,141.8833618,35.86870575,32.57999802,5.873624325,10.34591198,6.319179058,34.02085114,68.91297913,17.08994484,8.334897041,11.24853611,2.630756378,122.0840149,39.00223541,19.72190094,1.463514209,4.024767876,-2.654671669,58.92544174,56.12449646,19.24687576,7.186609268,10.28129864,4.302074432,1.328694344,4.333963871,4.021190643,10.29449177,3.68132019,7.238247395,10.17770958,22.54628181,39.72583008,55.06094742,121.8615875,67.35578918,0.001301097,0.00211855,0.000541193
50010,20160226,82011.3,77024,578.3,382744.4072,7308572.523,65.87673195,-149.5716576,69.83070983,70.65620074,70.70829773,98.32100983,210.69749,140.0412893,56847.19348,56823.61796,-2.806514734,56778.425,56780.765,56783.57151,56916.11286,-132.5413444,142.9600372,35.87598801,32.90081406,5.797243595,10.34860897,6.81194973,35.50453949,69.19761658,17.31007576,8.224807739,11.29445171,3.19126153,123.1574631,39.00688171,20.03944778,1.386181593,4.025873184,-2.165223837,60.41374207,56.40900803,19.4673996,7.076603889,10.32702923,4.86283493,1.15015769,4.539763451,4.045956612,10.35193729,3.627390146,7.248138428,10.41222382,22.73891449,40.10150146,55.62486267,123.0923538,68.91429901,0.001301097,0.00211855,0.000541193
50010,20160226,82011.4,77024,578.4,382747.4742,7308573.08,65.87673807,-149.5715909,69.55372234,70.33730697,70.37692261,98.00862234,210.58842,140.251113,56847.19567,56823.62008,-2.80432975,56778.676,56780.988,56783.79233,56916.12142,-132.3290941,143.7110596,36.13434601,33.3260231,5.75901413,10.37713909,7.796840668,35.92680359,69.38005829,17.53317642,8.222417831,11.31383991,3.463724375,123.9052582,39.26259995,20.46138573,1.347000122,4.052811146,-1.183655858,60.84061813,56.59132004,19.69089508,7.074297905,10.34623337,5.13555336,0.973666787,4.752937794,4.089793682,10.38931179,3.594477415,7.246146679,10.60978985,22.9764576,40.40034103,56.13980484,124.1875381,70.3065033,0.001512184,0.003363875,0.000326192
50010,20160226,82011.5,77024,578.5,382750.5411,7308573.637,65.87674419,-149.5715242,69.2495084,70.05489582,70.0868988,97.6690084,210.47935,140.4244542,56847.19785,56823.6222,-2.802145314,56778.923,56781.211,56784.01315,56916.12999,-132.1168432,144.4500885,36.48521805,33.85525513,5.760681152,10.4372654,9.133702278,36.37728882,69.68557739,17.78738403,8.303376198,11.30877876,3.601732254,124.6410599,39.61083603,20.98735046,1.347715139,4.111345768,0.149882793,61.29571533,56.89671326,19.94549942,7.155339718,10.34098721,5.273816586,0.816044092,4.961109161,4.155405045,10.4119482,3.58155489,7.233108997,10.75575924,23.25301361,40.67397308,56.66608429,125.1475067,71.5295639,0.001500952,0.003413122,0.000381403
50010,20160226,82011.6,77024,578.6,382753.608,7308574.194,65.87675031,-149.5714575,68.92894741,69.82807246,69.8534317,97.31304741,210.37028,140.5422075,56847.20004,56823.62432,-2.799961456,56779.166,56781.435,56784.23496,56916.13855,-131.9035918,145.1849518,36.73026657,34.26459122,5.796777248,10.54692841,10.32523727,37.50592804,70.14993286,18.11043358,8.36055851,11.28224564,3.838252544,125.3726959,39.85324478,21.39341545,1.38285923,4.219416618,1.338094831,62.42896652,57.36093903,20.26894379,7.212605953,10.31426907,5.510592461,0.690268755,5.152213573,4.241676331,10.42776966,3.584458113,7.20371151,10.84236908,23.55608559,40.97251511,57.2750206,126.0069351,72.63046265,0.001330611,0.005783866,0.000269428
50010,20160226,82011.7,77024,578.7,382756.6749,7308574.751,65.87675643,-149.5713909,68.60739886,69.64665357,69.67280579,96.95609886,210.26121,140.6145564,56847.20222,56823.62644,-2.797778212,56779.405,56781.663,56784.46078,56916.14712,-131.6863397,145.9589539,36.95236588,34.33863449,5.853584766,10.70581055,10.78413105,39.02050018,70.81078339,18.51248932,8.344352722,11.24628258,4.080617428,126.1434708,40.07270813,21.46419144,1.438714743,4.376707077,1.793665767,63.94815445,58.02166367,20.67139435,7.196484089,10.27812099,5.753212929,0.605552971,5.31556797,4.342887402,10.44707775,3.599416256,7.153095722,10.86795712,23.86972427,41.32457352,58.02054596,126.8258438,73.68081665,0.001333462,0.003528239,0.000240631
50010,20160226,82011.8,77024,578.8,382759.7418,7308575.308,65.87676254,-149.5713242,68.30092575,69.48599346,69.52005005,96.61422575,210.15214,140.6661465,56847.2044,56823.62856,-2.795595537,56779.64,56781.894,56784.6896,56916.15568,-131.4660871,146.8488617,37.31911087,34.0853653,5.91258955,10.8703022,10.33543873,40.2869873,71.76941681,18.92714691,8.286874771,11.22058105,4.135316849,127.0301514,40.43681335,21.20765114,1.49676764,4.539606571,1.341650486,65.21925354,58.98016739,21.08644676,7.139090061,10.25223446,5.808167934,0.565937698,5.443371773,4.449316025,10.48102188,3.625544071,7.081201553,10.83788013,24.17881966,41.73745728,58.91406631,127.6747971,74.73784637,0.001725182,0.001668137,0.000490982
50010,20160226,82011.9,77024,578.9,382762.8087,7308575.864,65.87676866,-149.5712575,68.01975571,69.31680448,69.35936737,96.29765571,210.04307,140.7262655,56847.20659,56823.63067,-2.793413387,56779.87,56782.132,56784.92541,56916.16425,-131.2388339,147.715683,37.82928085,33.66258621,5.958465576,10.99533176,9.28211689,41.1725502,73.02780151,19.23758507,8.197816849,11.2271452,4.038715363,127.8937454,40.94434738,20.78160286,1.541691661,4.663043976,0.285005748,66.10942841,60.23842621,21.39727974,7.050115585,10.25861359,5.711822033,0.569064558,5.532165051,4.549839497,10.53836536,3.66566205,6.992441177,10.76421165,24.46961594,42.20832062,59.91830826,128.6204376,75.82397461,0.001727576,0.002697995,0.00046312
50010,20160226,82012.0,77024,579.0,382765.8756,7308576.421,65.87677478,-149.5711908,67.76794092,69.11016358,69.16274261,96.01044092,209.934,140.8238364,56847.20877,56823.63279,-2.791231716,56780.097,56782.376,56785.16723,56916.17281,-131.0055803,148.4182739,38.3984642,33.23347473,5.994153023,11.09031105,8.126655579,42.03959274,74.46286774,19.428442,8.004738808,11.29559422,4.003700733,128.5931091,41.51089478,20.34921837,1.576427102,4.75643158,-0.873778462,66.98108673,61.67336273,21.5885334,6.857121468,10.32687759,5.677062988,0.606836438,5.584546089,4.634831429,10.62221622,3.724409103,6.895396709,10.66353893,24.73028564,42.73186493,60.96434402,129.7117767,76.93740845,0.001367175,0.002918021,0.000329092
50010,20160226,82012.1,77024,579.1,382768.9167,7308576.934,65.87678049,-149.5711247,67.48663257,68.85514834,68.92391968,95.75183257,209.70028,140.8451317,56847.21095,56823.63489,-2.78905055,56780.32,56782.626,56785.41505,56916.18309,-130.7680428,149.2841949,38.99944687,32.91096497,6.045779705,11.19566536,7.291101933,43.08354568,75.86878204,19.61528397,7.653749943,11.45947266,4.166042328,129.4557953,42.10923767,20.02344131,1.627101779,4.860193729,-1.712655067,68.02964783,63.07914734,21.77576828,6.506216526,10.49057102,5.839659691,0.665952682,5.609291077,4.698696136,10.7287569,3.803611279,6.800872326,10.55123043,24.95668221,43.30073547,61.97892761,130.9731598,78.07162476,0.001997244,0.00219175,0.000439888
50010,20160226,82012.2,77024,579.2,382771.9578,7308577.446,65.8767862,-149.5710585,67.22772046,68.56646585,68.65133667,95.51562046,209.46656,140.9000942,56847.21313,56823.63699,-2.786869921,56780.543,56782.882,56785.66887,56916.19337,-130.5245047,150.8903351,39.62323761,32.72915649,6.142647743,11.31139278,6.905337811,44.23681641,76.94955444,19.84240723,7.247170448,11.70662403,4.44868803,131.0587158,42.73039246,19.83836365,1.723017931,4.974329472,-2.101742029,69.18753052,64.15979004,22.00328827,6.099720955,10.73753738,6.122560978,0.728907228,5.617987633,4.739058495,10.84853458,3.89961338,6.7210989,10.43991852,25.15680885,43.90685272,62.90605545,132.4095459,79.22158813,0.001765154,0.001741986,0.000451173
50010,20160226,82012.3,77024,579.3,382774.9988,7308577.958,65.87679191,-149.5709923,66.98103157,68.25987035,68.35637665,95.29163157,209.23284,140.9729696,56847.21531,56823.63908,-2.784689787,56780.765,56783.141,56785.92569,56916.20366,-130.2779661,153.1569366,40.24082947,32.65203857,6.293570042,11.38868904,6.824967384,45.55396652,77.54473877,20.00119019,6.990836143,11.94343662,4.657068729,133.3220978,43.34534454,19.75797462,1.872988224,5.050033569,-2.185435295,70.5092926,64.75485229,22.16246414,5.843470097,10.97416496,6.331197262,0.777434587,5.619294167,4.75455904,10.96951485,4.004259586,6.669811726,10.33855724,25.34781647,44.54727936,63.71820831,134.0146637,80.37808228,0.00180783,0.003698655,0.000603355
50010,20160226,82012.4,77024,579.4,382778.0399,7308578.471,65.87679762,-149.5709262,66.7337576,67.93969372,68.04245758,95.0670576,208.99912,141.0594263,56847.21749,56823.64118,-2.78251011,56780.988,56783.404,56786.18651,56916.21394,-130.0274271,155.2458496,40.84741974,32.63629913,6.484244823,11.38901234,6.876952171,47.04292297,77.88556671,20.04853439,6.995615482,12.06863976,4.688484669,135.4077759,43.94929886,19.73896408,2.062711,5.048765182,-2.136773586,72.00286102,65.09555054,22.21020317,5.848333359,11.09918404,6.362868786,0.797607362,5.615387917,4.74535656,11.08077145,4.107076645,6.659885406,10.24833584,25.54649162,45.2252388,64.42063141,135.7656708,81.52325439,0.00119387,0.00403697,0.000395698
50010,20160226,82012.5,77024,579.5,382781.081,7308578.983,65.87680333,-149.57086,66.47948542,67.5959068,67.70001221,94.83548542,208.7654,141.1694932,56847.21967,56823.64328,-2.78033085,56781.211,56783.669,56786.44933,56916.22422,-129.7748877,156.7664032,41.47125626,32.65684891,6.682131767,11.3121109,6.990732193,48.34449005,78.34282684,20.14678192,7.206064224,12.08422756,4.606981277,136.9251099,44.57049561,19.75624657,2.259645939,4.970271587,-2.026316404,73.30904388,65.55268097,22.30884743,6.058866024,11.11458683,6.281620979,0.78398937,5.602728367,4.714145184,11.17525864,4.197711468,6.698400974,10.16484261,25.76087761,45.9397583,65.04966736,137.6072388,82.63474274,0.001321213,0.004863892,0.000304077
50010,20160226,82012.6,77024,579.6,382784.122,7308579.495,65.87680903,-149.5707939,66.21596505,67.22504666,67.32633972,94.59466505,208.53168,141.3066333,56847.22185,56823.64538,-2.778152032,56781.435,56783.938,56786.71615,56916.2345,-129.5183478,158.3603668,42.18263626,32.66062546,6.839321613,11.17533112,7.144025803,49.18231583,78.98699188,20.45551491,7.504557133,12.08153915,4.521789074,138.5158386,45.27923965,19.75675201,2.41588378,4.83190012,-1.876345754,74.15148163,66.19671631,22.61797523,6.357442856,11.11171341,6.196683884,0.740564525,5.575896263,4.666149616,11.25089359,4.264979362,6.781720161,10.0818634,25.98921013,46.67370224,65.66303253,139.4480286,83.69412994,0.001321213,0.004863892,0.000304077
